{"stats":{"minecraft:custom":{"minecraft:time_since_rest":12946,"minecraft:crouch_one_cm":337,"minecraft:play_time":12946,"minecraft:sprint_one_cm":14198,"minecraft:walk_one_cm":17844,"minecraft:sneak_time":105,"minecraft:mob_kills":1,"minecraft:jump":106,"minecraft:damage_dealt":100,"minecraft:leave_game":1,"minecraft:time_since_death":12946,"minecraft:total_world_time":12946,"minecraft:fall_one_cm":1999,"minecraft:interact_with_crafting_table":3,"minecraft:fly_one_cm":19261},"minecraft:crafted":{"minecraft:acacia_planks":28,"minecraft:crafting_table":1,"minecraft:stick":4,"minecraft:wooden_pickaxe":1,"minecraft:wooden_axe":1},"minecraft:broken":{"minecraft:wooden_axe":1,"minecraft:wooden_pickaxe":1},"minecraft:killed":{"minecraft:cow":1},"minecraft:used":{"minecraft:wooden_axe":61,"minecraft:crafting_table":2,"minecraft:wooden_pickaxe":59},"minecraft:mined":{"minecraft:grass_block":3,"minecraft:acacia_log":1,"minecraft:grass":2,"minecraft:acacia_leaves":2,"minecraft:stone":59,"treechop:chopped_log":9,"minecraft:crafting_table":2},"minecraft:picked_up":{"minecraft:stick":10,"minecraft:crafting_table":1,"minecraft:acacia_log":69,"minecraft:beef":1,"minecraft:acacia_sapling":23,"minecraft:cobblestone":59}},"DataVersion":3465}