{"stats":{"minecraft:crafted":{"minecraft:crafting_table":3,"minecraft:acacia_slab":24,"minecraft:wooden_pickaxe":1,"minecraft:furnace":2,"minecraft:stone_axe":2,"minecraft:bread":159,"minecraft:air":0,"minecraft:glass_pane":16,"minecraft:glass":6,"minecraft:ladder":108,"minecraft:stick":260,"minecraft:stone_pickaxe":2,"minecraft:wooden_axe":1,"easy_villagers:breeder":1,"minecraft:white_bed":1,"minecraft:composter":3,"minecraft:acacia_planks":312,"minecraft:stone_hoe":1,"minecraft:wheat":477},"minecraft:used":{"minecraft:leather_leggings":1,"easy_villagers:breeder":2,"minecraft:stone_pickaxe":230,"minecraft:ladder":117,"minecraft:wooden_pickaxe":59,"minecraft:composter":12,"minecraft:stone_hoe":48,"minecraft:orange_bed":4,"minecraft:dirt":22,"minecraft:crafting_table":6,"minecraft:granite":29,"minecraft:wooden_axe":61,"easy_villagers:villager":15,"minecraft:leather_helmet":1,"minecraft:stone_axe":184,"minecraft:cobblestone":115,"minecraft:beef":70,"minecraft:furnace":4,"tombstone:gift":2,"minecraft:cobbled_deepslate":1,"minecraft:acacia_planks":34},"minecraft:dropped":{"minecraft:stone_axe":1,"minecraft:poppy":1,"minecraft:dirt":4,"tombstone:grave_dust":1,"artifacts:cross_necklace":1,"minecraft:barrel":1,"minecraft:arrow":3},"minecraft:broken":{"minecraft:stone_pickaxe":1,"minecraft:leather_helmet":1,"minecraft:stone_axe":1,"minecraft:wooden_axe":1,"minecraft:wooden_pickaxe":1},"minecraft:mined":{"minecraft:acacia_leaves":2,"minecraft:crafting_table":4,"minecraft:ladder":9,"minecraft:granite":87,"minecraft:acacia_log":1,"minecraft:grass_block":14,"minecraft:tall_grass":2,"minecraft:cobblestone":2,"minecraft:composter":10,"minecraft:diorite":14,"minecraft:hay_block":54,"minecraft:barrel":6,"treechop:chopped_log":10,"minecraft:grass":36,"minecraft:coal_ore":3,"minecraft:sand":38,"minecraft:dirt":26,"minecraft:acacia_planks":3,"minecraft:stone":175,"minecraft:orange_bed":4},"minecraft:killed":{"minecraft:pig":20,"minecraft:spider":5,"minecraft:iron_golem":1,"minecraft:creeper":3,"minecraft:sheep":17,"minecraft:skeleton":3,"minecraft:zombie":3,"artifacts:mimic":1,"minecraft:cow":33},"minecraft:custom":{"minecraft:interact_with_furnace":8,"minecraft:mob_kills":87,"minecraft:interact_with_crafting_table":20,"minecraft:open_barrel":12,"minecraft:leave_game":3,"minecraft:time_since_death":0,"minecraft:sleep_in_bed":4,"minecraft:climb_one_cm":19313,"minecraft:time_since_rest":17,"minecraft:sprint_one_cm":247387,"minecraft:damage_taken":4365,"minecraft:walk_one_cm":197074,"minecraft:drop":12,"minecraft:damage_dealt":10636,"minecraft:swim_one_cm":42930,"minecraft:talked_to_villager":4,"minecraft:fly_one_cm":482119,"minecraft:open_chest":11,"minecraft:crouch_one_cm":3834,"minecraft:play_time":112898,"tombstone:undead_killed":6,"minecraft:deaths":11,"minecraft:sneak_time":2655,"minecraft:walk_under_water_one_cm":15337,"minecraft:jump":2181,"minecraft:walk_on_water_one_cm":11833,"minecraft:total_world_time":112898,"minecraft:fall_one_cm":63239},"minecraft:picked_up":{"minecraft:crafting_table":3,"easy_villagers:breeder":1,"minecraft:ladder":9,"minecraft:leather":38,"minecraft:gunpowder":3,"minecraft:dirt":37,"minecraft:string":6,"minecraft:glass":28,"minecraft:bone":1,"minecraft:acacia_planks":7,"minecraft:wheat_seeds":10,"minecraft:cobbled_deepslate":1,"minecraft:iron_ingot":3,"minecraft:beef":71,"minecraft:poppy":1,"minecraft:acacia_sapling":24,"minecraft:furnace":2,"minecraft:egg":1,"minecraft:stick":10,"minecraft:composter":10,"minecraft:acacia_log":78,"minecraft:porkchop":41,"minecraft:sand":34,"tombstone:grave_dust":1,"minecraft:diorite":14,"minecraft:barrel":2,"minecraft:spider_eye":2,"minecraft:orange_bed":4,"minecraft:arrow":4,"minecraft:rotten_flesh":2,"minecraft:hay_block":53,"minecraft:granite":86,"artifacts:cross_necklace":2,"minecraft:mutton":30,"minecraft:white_wool":17,"minecraft:cobblestone":176}},"DataVersion":3465}